customer_id,country,industry,company_size,annual_revenue,gross_margin,number_of_orders,invoice_count,avg_invoice_value,product_count,payment_delay_days,overdue_amount,product_category,credit_limit,current_exposure,relationship_length_months,default_flag,overdue_ratio,payment_delay_category,revenue_per_order,gross_profit,annual_gross_profit,exposure_utilization,exposure_at_risk,relationship_years,order_frequency,high_payment_delay_concentration,cluster,segment_name,segment_id,model_cluster,segment_description,segment_priority,main_risk_driver,commercial_action
CUST001,Netherlands,FMCG,SME,935320.78,0.0976,23,23,40666.12,2,0.3,56952.78,Components,751744.38,293743.87,14,0,0.0608911736141894,On Time,38971.699166666665,91287.308128,91287.308128,0.3907496721154194,350696.65,1.1666666666666667,1.5333333333333334,0.0302905097056385,2,High-Risk Low-Margin Customers,5,2,Limited profitability combined with elevated risk,RESTRICT,Low margin and payment inconsistency,"Pricing review, reduce exposure, or exit"
CUST002,Germany,Electronics,Mid-Market,868488.6,0.2276,17,17,51087.56,1,3.4,57503.06,Components,637686.86,546317.43,56,0,0.0662104948757344,On Time,48249.36666666667,197668.00536,197668.00536,0.8567174020163177,603820.49,4.666666666666667,0.2982456140350877,0.0302905097056385,3,Late-Paying Watchlist,4,3,Acceptable revenue but concerning payment delays,MONITOR,Payment delay and working capital issues,"Credit tightening, enhanced collection procedures"
CUST003,Germany,Logistics,Enterprise,730068.21,0.1389,18,18,40559.34,3,15.9,43498.17,Machinery,646387.34,301454.42,20,0,0.0595809670988693,Delayed,38424.64263157894,101406.474369,101406.474369,0.4663680758344271,344952.58999999997,1.6666666666666667,0.8571428571428571,0.0302905097056385,4,Late-Paying Watchlist,4,4,Acceptable revenue but concerning payment delays,MONITOR,Payment delay and working capital issues,"Credit tightening, enhanced collection procedures"
CUST004,France,Retail,Mid-Market,818094.71,0.1096,14,14,58435.34,5,16.9,54469.39,Machinery,664410.68,363020.68,45,0,0.0665807874493326,Delayed,54539.647333333334,89663.180216,89663.180216,0.5463799588523375,417490.07,3.75,0.3043478260869565,0.0302905097056385,4,High-Risk Low-Margin Customers,5,4,Limited profitability combined with elevated risk,RESTRICT,Low margin and payment inconsistency,"Pricing review, reduce exposure, or exit"
CUST005,Netherlands,Retail,Mid-Market,1040095.8,0.1641,22,22,47277.08,3,9.1,38185.31,Chemicals,734238.51,332725.08,70,0,0.0367132623744498,Moderate Delay,45221.556521739134,170679.72078,170679.72078,0.4531566724817346,370910.39,5.833333333333333,0.3098591549295774,0.0302905097056385,5,Growth Potential Customers,3,5,Above-average revenue with moderate risk profile,DEVELOP,Payment behavior volatility,"Expansion opportunities, credit line review"
CUST006,Spain,Chemicals,SME,378796.46,0.1399,20,20,18939.82,1,19.1,933.89,Software,244900.56,135341.07,56,0,0.0024654137475242,Delayed,18037.926666666663,52993.624754,52993.624754,0.5526368334945717,136274.96000000002,4.666666666666667,0.3508771929824561,0.0302905097056385,5,Growth Potential Customers,3,5,Above-average revenue with moderate risk profile,DEVELOP,Payment behavior volatility,"Expansion opportunities, credit line review"
CUST007,Italy,Automotive,SME,592553.36,0.1898,15,15,39503.56,1,13.4,31491.3,Machinery,375011.67,389313.6,56,0,0.0531450872204097,Moderate Delay,37034.585,112466.627728,112466.627728,1.0381372931646684,420804.9,4.666666666666667,0.2631578947368421,0.0302905097056385,1,Late-Paying Watchlist,4,1,Acceptable revenue but concerning payment delays,MONITOR,Payment delay and working capital issues,"Credit tightening, enhanced collection procedures"
CUST008,Austria,FMCG,Enterprise,515164.9,0.1892,13,13,39628.07,5,16.0,18387.52,Machinery,320154.15,206455.45,19,0,0.03569249380143,Delayed,36797.49285714286,97469.19908,97469.19908,0.6448626388236889,224842.97,1.5833333333333333,0.65,0.0302905097056385,5,Growth Potential Customers,3,5,Above-average revenue with moderate risk profile,DEVELOP,Payment behavior volatility,"Expansion opportunities, credit line review"
CUST009,Germany,Automotive,Mid-Market,479644.11,0.1002,25,25,19185.76,3,23.7,29881.86,Components,370573.32,227677.83,30,0,0.062300066605504,Delayed,18447.850384615384,48060.339821999994,48060.339821999994,0.6143934754919366,257559.69,2.5,0.8064516129032258,0.0302905097056385,4,High-Risk Low-Margin Customers,5,4,Limited profitability combined with elevated risk,RESTRICT,Low margin and payment inconsistency,"Pricing review, reduce exposure, or exit"
CUST010,Germany,Retail,SME,1085286.28,0.0564,15,15,72352.42,3,0.0,65856.87,Packaging,839749.3,505793.89,22,0,0.0606815650520702,On Time,67830.3925,61210.146192,61210.146192,0.6023153457816489,571650.76,1.8333333333333333,0.6521739130434783,0.0302905097056385,2,High-Risk Low-Margin Customers,5,2,Limited profitability combined with elevated risk,RESTRICT,Low margin and payment inconsistency,"Pricing review, reduce exposure, or exit"
CUST011,Austria,Retail,SME,563420.7,0.1708,16,16,35213.79,4,1.3,7689.25,Machinery,488093.64,304546.11,15,0,0.0136474396485367,On Time,33142.394117647054,96232.25556,96232.25556,0.6239501707077684,312235.36,1.25,1.0,0.0302905097056385,1,Stable Low-Risk Customers,2,1,"Consistent revenue, predictable payment, low default risk",MAINTAIN,Limited growth potential,"Regular engagement, loyalty programs"
CUST012,Spain,FMCG,Mid-Market,438174.24,0.0991,22,22,19917.01,2,38.2,32874.51,Chemicals,309910.83,213278.99,50,0,0.0750261128995738,High Delay,19051.053913043477,43423.067184,43423.067184,0.6881946978081139,246153.5,4.166666666666667,0.4313725490196078,0.0302905097056385,4,High-Risk Low-Margin Customers,5,4,Limited profitability combined with elevated risk,RESTRICT,Low margin and payment inconsistency,"Pricing review, reduce exposure, or exit"
CUST013,Italy,Automotive,Mid-Market,678612.9,0.1516,13,13,52200.99,2,7.6,15267.91,Components,506747.52,416327.18,15,0,0.0224987028687157,Moderate Delay,48472.35,102877.71564,102877.71564,0.821567276736112,431595.09,1.25,0.8125,0.0302905097056385,1,Growth Potential Customers,3,1,Above-average revenue with moderate risk profile,DEVELOP,Payment behavior volatility,"Expansion opportunities, credit line review"
CUST014,Spain,Pharma,Enterprise,518215.75,0.1021,19,19,27274.51,2,19.5,13147.71,Components,455410.45,204933.04,81,0,0.0253711123214117,Delayed,25910.7875,52909.828075,52909.828075,0.4499963494459778,218080.75,6.75,0.2317073170731707,0.0302905097056385,4,Growth Potential Customers,3,4,Above-average revenue with moderate risk profile,DEVELOP,Payment behavior volatility,"Expansion opportunities, credit line review"
CUST015,Italy,FMCG,Enterprise,974900.22,0.1327,24,24,40620.84,5,10.9,40466.81,Machinery,577304.78,620042.6,87,0,0.0415086684460472,Moderate Delay,38996.0088,129369.259194,129369.259194,1.07402990842883,660509.4099999999,7.25,0.2727272727272727,0.0302905097056385,3,Late-Paying Watchlist,4,3,Acceptable revenue but concerning payment delays,MONITOR,Payment delay and working capital issues,"Credit tightening, enhanced collection procedures"
CUST016,Germany,Pharma,SME,1280011.68,0.171,26,26,49231.22,1,27.5,15696.46,Software,679264.74,703611.41,17,0,0.0122627474774196,Delayed,47407.84,218881.99728,218881.99728,1.0358426818959632,719307.87,1.4166666666666667,1.4444444444444444,0.0302905097056385,0,Late-Paying Watchlist,4,0,Acceptable revenue but concerning payment delays,MONITOR,Payment delay and working capital issues,"Credit tightening, enhanced collection procedures"
CUST017,Spain,Retail,Enterprise,1030131.5,0.1363,18,18,57229.53,5,24.7,10863.54,Chemicals,777694.07,320284.63,7,0,0.0105457798348943,Delayed,54217.44736842105,140406.92345,140406.92345,0.411838848147046,331148.17,0.5833333333333334,2.25,0.0302905097056385,5,New / Limited-History Customers,6,5,Short relationship history with limited behavioral evidence,REVIEW,Limited performance history,"Controlled onboarding, smaller exposure increases"
CUST018,Netherlands,FMCG,Enterprise,604117.34,0.14,21,21,28767.49,5,7.6,14544.67,Components,404675.74,351253.22,17,0,0.0240759022079649,Moderate Delay,27459.87909090909,84576.42760000001,84576.42760000001,0.8679868479368987,365797.89,1.4166666666666667,1.1666666666666667,0.0302905097056385,1,Growth Potential Customers,3,1,Above-average revenue with moderate risk profile,DEVELOP,Payment behavior volatility,"Expansion opportunities, credit line review"
CUST019,Netherlands,Logistics,Mid-Market,787319.53,0.1745,20,20,39365.98,4,14.1,60858.66,Packaging,565467.96,564123.59,18,0,0.0772985524694436,Delayed,37491.40619047619,137387.257985,137387.257985,0.9976225531840962,624982.25,1.5,1.0526315789473684,0.0302905097056385,3,Late-Paying Watchlist,4,3,Acceptable revenue but concerning payment delays,MONITOR,Payment delay and working capital issues,"Credit tightening, enhanced collection procedures"
CUST020,France,Logistics,Mid-Market,938369.4,0.2324,14,14,67026.39,4,7.2,28089.83,Software,602101.85,540468.41,61,0,0.0299347250666635,Moderate Delay,62557.96,218077.04856,218077.04856,0.8976361889588986,568558.24,5.083333333333333,0.2258064516129032,0.0302905097056385,1,Growth Potential Customers,3,1,Above-average revenue with moderate risk profile,DEVELOP,Payment behavior volatility,"Expansion opportunities, credit line review"
CUST021,Spain,Electronics,Mid-Market,489521.68,0.0942,22,22,22250.99,5,8.7,5724.4,Machinery,401945.7,198338.19,12,0,0.011693864100132,Moderate Delay,21283.551304347824,46112.942256,46112.942256,0.4934452340191885,204062.59,1.0,1.6923076923076923,0.0302905097056385,2,New / Limited-History Customers,6,2,Short relationship history with limited behavioral evidence,REVIEW,Limited performance history,"Controlled onboarding, smaller exposure increases"
CUST022,Belgium,FMCG,Enterprise,744676.3,0.152,12,12,62056.36,4,14.1,3180.18,Chemicals,533199.19,439625.06,11,0,0.0042705535277485,Delayed,57282.79230769231,113190.7976,113190.7976,0.8245043658059111,442805.24,0.9166666666666666,1.0,0.0302905097056385,1,New / Limited-History Customers,6,1,Short relationship history with limited behavioral evidence,REVIEW,Limited performance history,"Controlled onboarding, smaller exposure increases"
CUST023,Spain,Logistics,Enterprise,850023.63,0.1167,8,8,106252.95,5,30.8,38844.9,Machinery,541735.44,233439.49,27,0,0.0456986119314757,High Delay,94447.07,99197.757621,99197.757621,0.4309105012579001,272284.39,2.25,0.2857142857142857,0.0302905097056385,4,High-Risk Low-Margin Customers,5,4,Limited profitability combined with elevated risk,RESTRICT,Low margin and payment inconsistency,"Pricing review, reduce exposure, or exit"
CUST024,Austria,Chemicals,Enterprise,1183520.03,0.1758,25,25,47340.8,5,16.1,92747.32,Machinery,959730.17,757143.65,82,0,0.0783656530087806,Delayed,45520.001153846155,208062.821274,208062.821274,0.7889130441728336,849890.97,6.833333333333333,0.3012048192771084,0.0302905097056385,3,Late-Paying Watchlist,4,3,Acceptable revenue but concerning payment delays,MONITOR,Payment delay and working capital issues,"Credit tightening, enhanced collection procedures"
CUST025,Austria,Pharma,Mid-Market,779446.33,0.1692,23,23,33888.97,4,13.6,16615.51,Software,399774.74,381101.43,41,0,0.0213170674624623,Moderate Delay,32476.930416666662,131882.31903599997,131882.31903599997,0.95329042049792,397716.94,3.4166666666666665,0.5476190476190477,0.0302905097056385,1,Growth Potential Customers,3,1,Above-average revenue with moderate risk profile,DEVELOP,Payment behavior volatility,"Expansion opportunities, credit line review"
CUST026,Spain,Chemicals,Mid-Market,1091871.84,0.1403,16,16,68241.99,2,23.7,80042.77,Packaging,727633.98,452232.14,33,0,0.0733078435285286,Delayed,64227.755294117655,153189.61915200003,153189.61915200003,0.6215104742625935,532274.91,2.75,0.4705882352941176,0.0302905097056385,4,Late-Paying Watchlist,4,4,Acceptable revenue but concerning payment delays,MONITOR,Payment delay and working capital issues,"Credit tightening, enhanced collection procedures"
CUST027,Austria,Automotive,Mid-Market,1081836.69,0.1422,20,20,54091.83,1,1.4,60132.65,Packaging,905847.37,341916.02,72,0,0.0555838515700039,On Time,51516.032857142854,153837.17731799997,153837.17731799997,0.3774543386924252,402048.67,6.0,0.273972602739726,0.0302905097056385,2,Late-Paying Watchlist,4,2,Acceptable revenue but concerning payment delays,MONITOR,Payment delay and working capital issues,"Credit tightening, enhanced collection procedures"
CUST028,Netherlands,Retail,SME,1054616.91,0.0657,22,22,47937.13,3,5.7,79815.69,Machinery,594827.68,574806.24,77,0,0.075682164057017,On Time,45852.90913043478,69288.330987,69288.330987,0.9663407728420332,654621.9299999999,6.416666666666667,0.282051282051282,0.0302905097056385,3,High-Risk Low-Margin Customers,5,3,Limited profitability combined with elevated risk,RESTRICT,Low margin and payment inconsistency,"Pricing review, reduce exposure, or exit"
CUST029,Belgium,Automotive,Enterprise,1173487.37,0.1965,17,17,69028.67,4,15.7,46202.85,Machinery,844696.22,839768.82,75,0,0.0393722601377129,Delayed,65193.742777777785,230590.26820500003,230590.26820500003,0.99416666029239,885971.6699999999,6.25,0.2236842105263158,0.0302905097056385,3,Growth Potential Customers,3,3,Above-average revenue with moderate risk profile,DEVELOP,Payment behavior volatility,"Expansion opportunities, credit line review"
CUST030,Italy,Pharma,Enterprise,953139.85,0.2108,22,22,43324.54,4,14.1,58143.98,Machinery,544948.87,411847.93,36,0,0.0610025695599014,Delayed,41440.86304347826,200921.88038,200921.88038,0.7557551775439855,469991.91,3.0,0.5945945945945946,0.0302905097056385,3,Late-Paying Watchlist,4,3,Acceptable revenue but concerning payment delays,MONITOR,Payment delay and working capital issues,"Credit tightening, enhanced collection procedures"
CUST031,Germany,Chemicals,Enterprise,1129950.79,0.0965,16,16,70621.92,1,4.6,70536.18,Components,752226.66,495121.54,56,0,0.0624241167174524,On Time,66467.69352941177,109040.251235,109040.251235,0.658207913023638,565657.72,4.666666666666667,0.2807017543859649,0.0302905097056385,2,High-Risk Low-Margin Customers,5,2,Limited profitability combined with elevated risk,RESTRICT,Low margin and payment inconsistency,"Pricing review, reduce exposure, or exit"
CUST032,Spain,Logistics,SME,1005152.62,0.2997,20,20,50257.63,3,7.9,989.29,Chemicals,657815.18,666114.4,59,0,0.0009842186950664,Moderate Delay,47864.410476190475,301244.24021400005,301244.24021400005,1.0126163400470438,667103.6900000001,4.916666666666667,0.3333333333333333,0.0302905097056385,1,Growth Potential Customers,3,1,Above-average revenue with moderate risk profile,DEVELOP,Payment behavior volatility,"Expansion opportunities, credit line review"
CUST033,Germany,Retail,SME,973098.25,0.1915,22,22,44231.74,2,12.5,22101.66,Packaging,804366.38,295052.89,96,0,0.0227126705859118,Moderate Delay,42308.61956521739,186348.314875,186348.314875,0.3668140505818172,317154.55,8.0,0.2268041237113402,0.0302905097056385,5,Growth Potential Customers,3,5,Above-average revenue with moderate risk profile,DEVELOP,Payment behavior volatility,"Expansion opportunities, credit line review"
CUST034,Belgium,Retail,Enterprise,1062837.26,0.1738,13,13,81756.71,5,8.5,55800.58,Components,495572.55,268594.83,24,1,0.0525015278443921,Moderate Delay,75916.94714285714,184721.115788,184721.115788,0.5419889176659564,324395.41000000003,2.0,0.52,0.0302905097056385,3,Late-Paying Watchlist,4,3,Acceptable revenue but concerning payment delays,MONITOR,Payment delay and working capital issues,"Credit tightening, enhanced collection procedures"
CUST035,Belgium,Chemicals,SME,434988.09,0.02,7,7,62141.16,1,11.1,25931.84,Machinery,319066.08,293862.97,17,0,0.0596150575063799,Moderate Delay,54373.51125,8699.7618,8699.7618,0.9210097481972354,319794.81,1.4166666666666667,0.3888888888888889,0.0302905097056385,4,High-Risk Low-Margin Customers,5,4,Limited profitability combined with elevated risk,RESTRICT,Low margin and payment inconsistency,"Pricing review, reduce exposure, or exit"
CUST036,Spain,Retail,Mid-Market,749755.33,0.2082,21,21,35702.63,2,7.2,58782.45,Machinery,492103.63,481373.27,14,0,0.0784021768807186,Moderate Delay,34079.78772727273,156099.059706,156099.059706,0.9781949180074568,540155.72,1.1666666666666667,1.4,0.0302905097056385,3,Late-Paying Watchlist,4,3,Acceptable revenue but concerning payment delays,MONITOR,Payment delay and working capital issues,"Credit tightening, enhanced collection procedures"
CUST037,Germany,Automotive,Enterprise,1219785.26,0.1394,19,19,64199.22,2,22.0,14485.1,Machinery,827939.9,551363.91,65,0,0.0118751230031982,Delayed,60989.263,170038.065244,170038.065244,0.6659467794695413,565849.01,5.416666666666667,0.2878787878787879,0.0302905097056385,0,Late-Paying Watchlist,4,0,Acceptable revenue but concerning payment delays,MONITOR,Payment delay and working capital issues,"Credit tightening, enhanced collection procedures"
CUST038,Spain,Automotive,SME,894853.37,0.2246,17,17,52638.43,3,14.8,29264.08,Chemicals,490319.54,486937.25,63,0,0.0327026538436876,Delayed,49714.07611111111,200984.066902,200984.066902,0.9931018657730974,516201.33,5.25,0.265625,0.0302905097056385,1,Growth Potential Customers,3,1,Above-average revenue with moderate risk profile,DEVELOP,Payment behavior volatility,"Expansion opportunities, credit line review"
CUST039,France,Logistics,Mid-Market,1392424.73,0.2264,19,19,73285.51,3,9.4,72677.11,Packaging,824728.11,896326.23,69,0,0.0521946417886069,Moderate Delay,69621.2365,315244.958872,315244.958872,1.0868142108056835,969003.34,5.75,0.2714285714285714,0.0302905097056385,3,Late-Paying Watchlist,4,3,Acceptable revenue but concerning payment delays,MONITOR,Payment delay and working capital issues,"Credit tightening, enhanced collection procedures"
CUST040,Germany,Automotive,Enterprise,1577348.64,0.1734,25,25,63093.95,4,5.0,39679.87,Components,1304186.66,784053.99,53,0,0.0251560555439251,On Time,60667.25538461538,273512.25417599996,273512.25417599996,0.6011823414904419,823733.86,4.416666666666667,0.4629629629629629,0.0302905097056385,3,Strategic High-Value Customers,1,3,"High revenue, excellent payment history, strategic importance",CRITICAL,Concentration risk,"Dedicated account management, cross-sell opportunities"
CUST041,Austria,Pharma,SME,952628.79,0.1428,16,16,59539.3,4,0.0,1118.98,Packaging,783278.11,646143.35,34,0,0.0011746233283573,On Time,56036.98764705883,136035.39121200002,136035.39121200002,0.8249220063090683,647262.33,2.8333333333333335,0.4571428571428571,0.0302905097056385,1,Stable Low-Risk Customers,2,1,"Consistent revenue, predictable payment, low default risk",MAINTAIN,Limited growth potential,"Regular engagement, loyalty programs"
CUST042,Belgium,Logistics,Mid-Market,429299.03,0.02,22,22,19513.59,4,0.0,13320.01,Machinery,316994.36,109627.44,68,0,0.0310273470684733,On Time,18665.175217391305,8585.9806,8585.9806,0.3458340394436487,122947.45,5.666666666666667,0.3188405797101449,0.0302905097056385,2,Growth Potential Customers,3,2,Above-average revenue with moderate risk profile,DEVELOP,Payment behavior volatility,"Expansion opportunities, credit line review"
CUST043,Italy,Pharma,SME,657255.76,0.2139,13,13,50558.14,5,25.1,39715.61,Components,424061.79,318547.86,41,0,0.0604264160422718,Delayed,46946.84,140587.007064,140587.007064,0.7511826519414749,358263.47,3.4166666666666665,0.3095238095238095,0.0302905097056385,4,Late-Paying Watchlist,4,4,Acceptable revenue but concerning payment delays,MONITOR,Payment delay and working capital issues,"Credit tightening, enhanced collection procedures"
CUST044,Netherlands,Retail,Mid-Market,976653.51,0.0661,15,15,65110.23,5,0.0,6572.12,Packaging,546584.48,656110.15,59,0,0.0067292237550994,On Time,61040.844375,64556.79701100001,64556.79701100001,1.2003819610809288,662682.27,4.916666666666667,0.25,0.0302905097056385,0,Growth Potential Customers,3,0,Above-average revenue with moderate risk profile,DEVELOP,Payment behavior volatility,"Expansion opportunities, credit line review"
CUST045,Netherlands,Electronics,SME,805428.24,0.1722,16,16,50339.26,5,15.5,31094.2,Chemicals,641026.17,544475.74,36,0,0.0386057980782513,Delayed,47378.13176470588,138694.742928,138694.742928,0.8493814534890994,575569.94,3.0,0.4324324324324324,0.0302905097056385,1,Growth Potential Customers,3,1,Above-average revenue with moderate risk profile,DEVELOP,Payment behavior volatility,"Expansion opportunities, credit line review"
CUST046,Italy,Pharma,SME,560966.45,0.0853,18,18,31164.8,3,11.4,41167.65,Machinery,411678.98,190029.23,15,0,0.0733870091516642,Moderate Delay,29524.55,47850.438185,47850.438185,0.4615956588299417,231196.88,1.25,1.125,0.0302905097056385,4,High-Risk Low-Margin Customers,5,4,Limited profitability combined with elevated risk,RESTRICT,Low margin and payment inconsistency,"Pricing review, reduce exposure, or exit"
CUST047,Spain,Logistics,Enterprise,667183.48,0.1929,15,15,44478.9,3,14.4,37524.19,Packaging,490510.89,494318.22,6,0,0.0562426845460018,Delayed,41698.9675,128699.69329199998,128699.69329199998,1.0077619683407888,531842.4099999999,0.5,2.142857142857143,0.0302905097056385,1,New / Limited-History Customers,6,1,Short relationship history with limited behavioral evidence,REVIEW,Limited performance history,"Controlled onboarding, smaller exposure increases"
CUST048,France,FMCG,Enterprise,951767.21,0.02,23,23,41381.18,3,1.4,42114.09,Packaging,708444.2,699460.92,72,0,0.0442483094158662,On Time,39656.96708333333,19035.3442,19035.3442,0.9873197070411652,741575.01,6.0,0.3150684931506849,0.0302905097056385,2,Late-Paying Watchlist,4,2,Acceptable revenue but concerning payment delays,MONITOR,Payment delay and working capital issues,"Credit tightening, enhanced collection procedures"
CUST049,France,Logistics,Mid-Market,387507.44,0.0831,22,22,17613.97,5,14.2,30316.01,Components,246148.29,250655.73,95,0,0.0782333624353683,Delayed,16848.14956521739,32201.868263999997,32201.868263999997,1.0183118883295177,280971.74,7.916666666666667,0.2291666666666666,0.0302905097056385,4,High-Risk Low-Margin Customers,5,4,Limited profitability combined with elevated risk,RESTRICT,Low margin and payment inconsistency,"Pricing review, reduce exposure, or exit"
CUST050,Italy,Automotive,Enterprise,1001516.85,0.2058,8,8,125189.61,5,0.0,61991.54,Software,840728.78,620655.75,67,0,0.0618976505487033,On Time,111279.65,206112.16773,206112.16773,0.7382354033357366,682647.29,5.583333333333333,0.1176470588235294,0.0302905097056385,3,Late-Paying Watchlist,4,3,Acceptable revenue but concerning payment delays,MONITOR,Payment delay and working capital issues,"Credit tightening, enhanced collection procedures"
CUST051,Belgium,Chemicals,Enterprise,1256330.08,0.1336,20,20,62816.5,4,8.3,67501.39,Software,699708.34,849769.81,42,0,0.0537290247798144,Moderate Delay,59825.24190476191,167845.698688,167845.698688,1.2144628860630498,917271.2,3.5,0.4651162790697674,0.0302905097056385,3,Late-Paying Watchlist,4,3,Acceptable revenue but concerning payment delays,MONITOR,Payment delay and working capital issues,"Credit tightening, enhanced collection procedures"
CUST052,Austria,FMCG,Enterprise,307685.35,0.1414,15,15,20512.36,5,17.2,8416.47,Chemicals,237821.58,201138.77,23,0,0.0273541460455385,Delayed,19230.334375,43506.70849,43506.70849,0.8457549142477072,209555.24,1.9166666666666667,0.625,0.0302905097056385,1,Growth Potential Customers,3,1,Above-average revenue with moderate risk profile,DEVELOP,Payment behavior volatility,"Expansion opportunities, credit line review"
CUST053,Netherlands,Automotive,SME,810239.1,0.1969,19,19,42644.16,3,28.6,8709.55,Chemicals,497827.36,229770.31,89,0,0.0107493578130076,Delayed,40511.955,159536.07879,159536.07879,0.4615461673290484,238479.86,7.416666666666667,0.2111111111111111,0.0302905097056385,5,Late-Paying Watchlist,4,5,Acceptable revenue but concerning payment delays,MONITOR,Payment delay and working capital issues,"Credit tightening, enhanced collection procedures"
CUST054,Spain,Electronics,SME,899670.91,0.2328,17,17,52921.82,5,3.9,20479.45,Chemicals,768002.78,330672.75,74,0,0.0227632679598112,On Time,49981.71722222222,209443.387848,209443.387848,0.4305619180174965,351152.2,6.166666666666667,0.2266666666666666,0.0302905097056385,5,Growth Potential Customers,3,5,Above-average revenue with moderate risk profile,DEVELOP,Payment behavior volatility,"Expansion opportunities, credit line review"
CUST055,France,Chemicals,Mid-Market,131871.58,0.2071,20,20,6593.58,5,19.5,1639.87,Packaging,111225.96,51644.01,27,0,0.0124353556694138,Delayed,6279.599047619047,27310.604217999997,27310.604217999997,0.4643161542461462,53283.880000000005,2.25,0.7142857142857143,0.0302905097056385,5,Growth Potential Customers,3,5,Above-average revenue with moderate risk profile,DEVELOP,Payment behavior volatility,"Expansion opportunities, credit line review"
CUST056,Germany,Automotive,Enterprise,1078697.24,0.1975,22,22,49031.69,1,25.5,56344.42,Components,949153.52,546215.64,57,0,0.0522337667239676,Delayed,46899.88,213042.7049,213042.7049,0.5754765994013534,602560.06,4.75,0.3793103448275862,0.0302905097056385,5,Late-Paying Watchlist,4,5,Acceptable revenue but concerning payment delays,MONITOR,Payment delay and working capital issues,"Credit tightening, enhanced collection procedures"
CUST057,Belgium,Automotive,Enterprise,618522.59,0.1131,14,14,44180.18,5,10.2,15466.53,Packaging,292519.26,189144.32,47,0,0.0250056024630806,Moderate Delay,41234.83933333333,69954.904929,69954.904929,0.6466046714303646,204610.85,3.9166666666666665,0.2916666666666667,0.0302905097056385,2,Growth Potential Customers,3,2,Above-average revenue with moderate risk profile,DEVELOP,Payment behavior volatility,"Expansion opportunities, credit line review"
CUST058,Germany,FMCG,Mid-Market,595039.03,0.1935,17,17,35002.3,1,18.3,41070.29,Chemicals,268097.74,299949.46,6,0,0.0690211699221326,Delayed,33057.72388888889,115140.052305,115140.052305,1.1188063726269428,341019.75,0.5,2.4285714285714284,0.0302905097056385,1,New / Limited-History Customers,6,1,Short relationship history with limited behavioral evidence,REVIEW,Limited performance history,"Controlled onboarding, smaller exposure increases"
CUST059,Netherlands,Automotive,Mid-Market,751733.33,0.0987,15,15,50115.56,3,0.0,41090.25,Chemicals,415493.38,312245.87,28,0,0.0546606733533357,On Time,46983.333125,74196.079671,74196.079671,0.75150624541659,353336.12,2.3333333333333335,0.5172413793103449,0.0302905097056385,2,High-Risk Low-Margin Customers,5,2,Limited profitability combined with elevated risk,RESTRICT,Low margin and payment inconsistency,"Pricing review, reduce exposure, or exit"
CUST060,Netherlands,Pharma,SME,975387.84,0.1635,8,8,121923.48,1,13.4,14694.96,Chemicals,452655.63,297800.28,89,0,0.015065760918226,Moderate Delay,108376.42666666668,159475.91184000002,159475.91184000002,0.6578958931745578,312495.24000000005,7.416666666666667,0.0888888888888888,0.0302905097056385,5,Growth Potential Customers,3,5,Above-average revenue with moderate risk profile,DEVELOP,Payment behavior volatility,"Expansion opportunities, credit line review"
CUST061,Spain,Electronics,SME,564225.55,0.0484,19,19,29696.08,5,4.0,11476.96,Software,487184.59,269264.64,76,0,0.0203410852273167,On Time,28211.277500000004,27308.51662,27308.51662,0.5526953141096833,280741.60000000003,6.333333333333333,0.2467532467532467,0.0302905097056385,2,Growth Potential Customers,3,2,Above-average revenue with moderate risk profile,DEVELOP,Payment behavior volatility,"Expansion opportunities, credit line review"
CUST062,Italy,Automotive,Enterprise,592161.89,0.2113,22,22,26916.45,2,17.7,15047.34,Machinery,287286.62,156873.98,25,0,0.0254108551294555,Delayed,25746.169130434784,125123.807357,125123.807357,0.54605390254323,171921.32,2.0833333333333335,0.8461538461538461,0.0302905097056385,5,Growth Potential Customers,3,5,Above-average revenue with moderate risk profile,DEVELOP,Payment behavior volatility,"Expansion opportunities, credit line review"
CUST063,Belgium,Logistics,SME,491644.53,0.2609,21,21,23411.64,1,24.2,4956.81,Components,253036.36,293289.42,86,0,0.0100821013914055,Delayed,22347.47863636364,128270.057877,128270.057877,1.159080141679405,298246.23,7.166666666666667,0.2413793103448276,0.0302905097056385,1,Late-Paying Watchlist,4,1,Acceptable revenue but concerning payment delays,MONITOR,Payment delay and working capital issues,"Credit tightening, enhanced collection procedures"
CUST064,Spain,Chemicals,SME,835664.81,0.1552,24,24,34819.37,1,10.6,3377.4,Machinery,599635.82,332074.47,62,0,0.0040415726013351,Moderate Delay,33426.5924,129695.178512,129695.178512,0.5537935842449275,335451.87,5.166666666666667,0.3809523809523809,0.0302905097056385,5,Growth Potential Customers,3,5,Above-average revenue with moderate risk profile,DEVELOP,Payment behavior volatility,"Expansion opportunities, credit line review"
CUST065,France,Chemicals,Enterprise,1128796.39,0.2236,24,24,47033.18,4,2.2,35775.31,Components,852161.52,691822.17,61,0,0.0316933242495294,On Time,45151.855599999995,252398.87280399996,252398.87280399996,0.8118439447948649,727597.48,5.083333333333333,0.3870967741935484,0.0302905097056385,3,Growth Potential Customers,3,3,Above-average revenue with moderate risk profile,DEVELOP,Payment behavior volatility,"Expansion opportunities, credit line review"
CUST066,France,Pharma,Enterprise,760650.15,0.173,18,18,42258.34,5,14.8,24036.99,Machinery,575935.18,246973.28,14,0,0.0316005853676205,Delayed,40034.21842105263,131592.47595,131592.47595,0.4288213128421347,271010.27,1.1666666666666667,1.2,0.0302905097056385,5,Growth Potential Customers,3,5,Above-average revenue with moderate risk profile,DEVELOP,Payment behavior volatility,"Expansion opportunities, credit line review"
CUST067,Austria,Electronics,Enterprise,524617.74,0.033,16,16,32788.61,1,0.0,32860.38,Packaging,370626.81,158595.9,73,0,0.0626368067536895,On Time,30859.86705882353,17312.38542,17312.38542,0.4279126488436497,191456.28,6.083333333333333,0.2162162162162162,0.0302905097056385,2,High-Risk Low-Margin Customers,5,2,Limited profitability combined with elevated risk,RESTRICT,Low margin and payment inconsistency,"Pricing review, reduce exposure, or exit"
CUST068,Italy,Retail,Mid-Market,758646.64,0.2456,21,21,36126.03,2,12.3,43656.32,Chemicals,644399.76,339353.98,95,0,0.0575449988151828,Moderate Delay,34483.93818181818,186323.614784,186323.614784,0.5266202768285844,383010.3,7.916666666666667,0.21875,0.0302905097056385,5,Late-Paying Watchlist,4,5,Acceptable revenue but concerning payment delays,MONITOR,Payment delay and working capital issues,"Credit tightening, enhanced collection procedures"
CUST069,Germany,FMCG,SME,651965.93,0.2181,26,26,25075.61,1,12.3,20555.55,Components,331849.95,216084.82,23,0,0.0315285646904409,Moderate Delay,24146.8862962963,142193.769333,142193.769333,0.651152184893651,236640.37,1.9166666666666667,1.0833333333333333,0.0302905097056385,5,Growth Potential Customers,3,5,Above-average revenue with moderate risk profile,DEVELOP,Payment behavior volatility,"Expansion opportunities, credit line review"
CUST070,Germany,Electronics,SME,575034.56,0.0735,15,15,38335.64,5,8.3,21548.46,Packaging,325899.65,156746.69,22,0,0.037473330298552,Moderate Delay,35939.66,42265.04016,42265.04016,0.4809661194773269,178295.15,1.8333333333333333,0.6521739130434783,0.0302905097056385,2,Growth Potential Customers,3,2,Above-average revenue with moderate risk profile,DEVELOP,Payment behavior volatility,"Expansion opportunities, credit line review"
CUST071,Austria,Automotive,Mid-Market,320255.05,0.0425,15,15,21350.34,2,11.7,23100.43,Machinery,286005.65,237367.71,75,0,0.0721313528074822,Moderate Delay,20015.940625,13610.839625,13610.839625,0.8299406322888028,260468.14,6.25,0.1973684210526315,0.0302905097056385,4,High-Risk Low-Margin Customers,5,4,Limited profitability combined with elevated risk,RESTRICT,Low margin and payment inconsistency,"Pricing review, reduce exposure, or exit"
CUST072,Belgium,FMCG,Enterprise,1198585.27,0.1341,19,19,63083.44,3,12.3,15371.81,Software,998864.91,649769.77,21,0,0.0128249615481985,Moderate Delay,59929.2635,160730.28470699998,160730.28470699998,0.6505081553013505,665141.5800000001,1.75,0.8636363636363636,0.0302905097056385,0,Growth Potential Customers,3,0,Above-average revenue with moderate risk profile,DEVELOP,Payment behavior volatility,"Expansion opportunities, credit line review"
CUST073,Austria,Pharma,Mid-Market,959113.68,0.1662,22,22,43596.08,4,30.5,68758.64,Chemicals,474932.03,366640.29,91,0,0.0716897709142552,High Delay,41700.5947826087,159404.693616,159404.693616,0.7719847616915372,435398.93,7.583333333333333,0.2391304347826087,0.0302905097056385,4,Late-Paying Watchlist,4,4,Acceptable revenue but concerning payment delays,MONITOR,Payment delay and working capital issues,"Credit tightening, enhanced collection procedures"
CUST074,Germany,Chemicals,SME,1005562.98,0.1227,24,24,41898.46,3,24.3,19692.66,Chemicals,525471.35,724014.91,54,0,0.0195837161785534,Delayed,40222.5192,123382.577646,123382.577646,1.377838982084603,743707.5700000001,4.5,0.4363636363636363,0.0302905097056385,0,High-Risk Low-Margin Customers,5,0,Limited profitability combined with elevated risk,RESTRICT,Low margin and payment inconsistency,"Pricing review, reduce exposure, or exit"
CUST075,Italy,Logistics,Enterprise,1377008.97,0.1498,18,18,76500.5,2,12.1,104900.51,Software,918346.34,1000538.52,17,0,0.0761799757919687,Moderate Delay,72474.15631578947,206275.943706,206275.943706,1.0895001988018056,1105439.03,1.4166666666666667,1.0,0.0302905097056385,3,Late-Paying Watchlist,4,3,Acceptable revenue but concerning payment delays,MONITOR,Payment delay and working capital issues,"Credit tightening, enhanced collection procedures"
CUST076,Belgium,Chemicals,Mid-Market,825394.51,0.2164,16,16,51587.16,1,14.6,35121.27,Chemicals,440973.23,614342.74,48,0,0.0425508887864512,Delayed,48552.61823529412,178615.37196400002,178615.37196400002,1.39315200607213,649464.01,4.0,0.3265306122448979,0.0302905097056385,1,Late-Paying Watchlist,4,1,Acceptable revenue but concerning payment delays,MONITOR,Payment delay and working capital issues,"Credit tightening, enhanced collection procedures"
CUST077,France,Electronics,Mid-Market,976495.21,0.1887,16,16,61030.95,5,7.6,48645.77,Chemicals,769358.47,631614.38,37,0,0.0498167010977454,Moderate Delay,57440.894705882354,184264.646127,184264.646127,0.8209624052090816,680260.15,3.0833333333333335,0.4210526315789473,0.0302905097056385,3,Late-Paying Watchlist,4,3,Acceptable revenue but concerning payment delays,MONITOR,Payment delay and working capital issues,"Credit tightening, enhanced collection procedures"
CUST078,Italy,Chemicals,Enterprise,819276.31,0.1579,10,10,81927.63,4,9.5,41441.15,Chemicals,513536.59,582445.02,17,0,0.0505826294427449,Moderate Delay,74479.66454545455,129363.72934900002,129363.72934900002,1.1341840705038482,623886.17,1.4166666666666667,0.5555555555555556,0.0302905097056385,1,Late-Paying Watchlist,4,1,Acceptable revenue but concerning payment delays,MONITOR,Payment delay and working capital issues,"Credit tightening, enhanced collection procedures"
CUST079,France,Electronics,Mid-Market,734545.68,0.075,16,16,45909.1,1,15.4,2365.46,Chemicals,479169.64,511422.91,67,0,0.0032203034670311,Delayed,43208.56941176471,55090.926,55090.926,1.0673107544938212,513788.37,5.583333333333333,0.2352941176470588,0.0302905097056385,0,Growth Potential Customers,3,0,Above-average revenue with moderate risk profile,DEVELOP,Payment behavior volatility,"Expansion opportunities, credit line review"
CUST080,Italy,FMCG,SME,714818.76,0.2122,27,27,26474.77,4,11.0,32127.9,Packaging,553199.77,360602.53,73,0,0.0449455187773122,Moderate Delay,25529.24142857143,151684.540872,151684.540872,0.6518486621918663,392730.43000000005,6.083333333333333,0.3648648648648648,0.0302905097056385,5,Late-Paying Watchlist,4,5,Acceptable revenue but concerning payment delays,MONITOR,Payment delay and working capital issues,"Credit tightening, enhanced collection procedures"
CUST081,Belgium,Pharma,SME,645799.66,0.1351,17,17,37988.22,5,18.0,33866.65,Packaging,483257.94,167832.5,14,0,0.0524414181325948,Delayed,35877.75888888889,87247.53406600001,87247.53406600001,0.3472938282186376,201699.15,1.1666666666666667,1.1333333333333333,0.0302905097056385,4,Late-Paying Watchlist,4,4,Acceptable revenue but concerning payment delays,MONITOR,Payment delay and working capital issues,"Credit tightening, enhanced collection procedures"
CUST082,Spain,Logistics,Mid-Market,386573.3,0.0973,20,20,19328.67,5,9.0,8768.12,Packaging,291333.8,272597.37,31,0,0.0226816492499024,Moderate Delay,18408.25238095238,37613.58209,37613.58209,0.9356874142274748,281365.49,2.5833333333333335,0.625,0.0302905097056385,1,Growth Potential Customers,3,1,Above-average revenue with moderate risk profile,DEVELOP,Payment behavior volatility,"Expansion opportunities, credit line review"
CUST083,Austria,Electronics,Enterprise,747957.29,0.0292,15,15,49863.82,1,22.7,23915.25,Packaging,567282.58,195675.94,35,0,0.0319740850443051,Delayed,46747.330625,21840.352868,21840.352868,0.3449355698524271,219591.19,2.9166666666666665,0.4166666666666667,0.0302905097056385,4,Late-Paying Watchlist,4,4,Acceptable revenue but concerning payment delays,MONITOR,Payment delay and working capital issues,"Credit tightening, enhanced collection procedures"
CUST084,Spain,Electronics,SME,693824.02,0.2083,23,23,30166.26,5,18.3,35090.98,Components,416537.3,258173.65,55,0,0.0505761965403697,Delayed,28909.334166666667,144523.54336600003,144523.54336600003,0.6198091983584187,293264.63,4.583333333333333,0.4107142857142857,0.0302905097056385,5,Late-Paying Watchlist,4,5,Acceptable revenue but concerning payment delays,MONITOR,Payment delay and working capital issues,"Credit tightening, enhanced collection procedures"
CUST085,Italy,Pharma,Mid-Market,972503.43,0.0855,18,18,54027.97,4,13.3,22509.19,Components,550450.35,528050.58,27,0,0.0231456150236681,Moderate Delay,51184.39105263158,83149.04326500001,83149.04326500001,0.9593064660582752,550559.7699999999,2.25,0.6428571428571429,0.0302905097056385,0,Growth Potential Customers,3,0,Above-average revenue with moderate risk profile,DEVELOP,Payment behavior volatility,"Expansion opportunities, credit line review"
CUST086,Italy,Retail,Enterprise,1167025.68,0.1213,13,13,89771.21,4,9.9,93232.24,Components,626302.85,381596.15,16,0,0.0798887647441658,Moderate Delay,83358.97714285714,141560.214984,141560.214984,0.6092837514620774,474828.39,1.3333333333333333,0.7647058823529411,0.0302905097056385,3,High-Risk Low-Margin Customers,5,3,Limited profitability combined with elevated risk,RESTRICT,Low margin and payment inconsistency,"Pricing review, reduce exposure, or exit"
CUST087,France,Logistics,SME,1251884.04,0.1746,15,15,83458.94,2,0.0,83378.41,Packaging,662697.8,578054.57,66,0,0.0666023428175771,On Time,78242.7525,218578.953384,218578.953384,0.8722747683772718,661432.98,5.5,0.2238805970149253,0.0302905097056385,3,Late-Paying Watchlist,4,3,Acceptable revenue but concerning payment delays,MONITOR,Payment delay and working capital issues,"Credit tightening, enhanced collection procedures"
CUST088,Spain,FMCG,Mid-Market,900501.9,0.1206,17,17,52970.7,2,16.7,25454.5,Software,724326.58,599788.33,10,0,0.0282670142061574,Delayed,50027.88333333333,108600.52914,108600.52914,0.8280633992461963,625242.83,0.8333333333333334,1.5454545454545454,0.0302905097056385,0,New / Limited-History Customers,6,0,Short relationship history with limited behavioral evidence,REVIEW,Limited performance history,"Controlled onboarding, smaller exposure increases"
CUST089,Netherlands,Automotive,SME,1266471.52,0.1437,18,18,70359.53,2,12.7,9736.15,Machinery,657408.25,654664.47,19,1,0.0076876185893168,Moderate Delay,66656.39578947368,181991.957424,181991.957424,0.9958263681646894,664400.62,1.5833333333333333,0.9,0.0302905097056385,0,Growth Potential Customers,3,0,Above-average revenue with moderate risk profile,DEVELOP,Payment behavior volatility,"Expansion opportunities, credit line review"
CUST090,Italy,FMCG,Mid-Market,640052.27,0.1459,23,23,27828.36,1,0.0,42147.42,Packaging,443251.42,422178.44,19,0,0.0658499656597329,On Time,26668.844583333335,93383.626193,93383.626193,0.952458178248019,464325.86,1.5833333333333333,1.15,0.0302905097056385,3,Late-Paying Watchlist,4,3,Acceptable revenue but concerning payment delays,MONITOR,Payment delay and working capital issues,"Credit tightening, enhanced collection procedures"
CUST091,Belgium,Automotive,Mid-Market,867277.3,0.1622,18,18,48182.07,4,0.0,15207.83,Machinery,471599.99,542694.78,48,0,0.0175351412979245,On Time,45646.17368421053,140672.37806000002,140672.37806000002,1.1507523144749203,557902.61,4.0,0.3673469387755102,0.0302905097056385,1,Growth Potential Customers,3,1,Above-average revenue with moderate risk profile,DEVELOP,Payment behavior volatility,"Expansion opportunities, credit line review"
CUST092,Austria,Pharma,Mid-Market,1135332.23,0.2218,12,12,94611.02,1,13.0,79480.9,Packaging,1009330.84,779325.51,46,0,0.0700067327428289,Moderate Delay,87333.24846153846,251816.688614,251816.688614,0.7721209727419286,858806.41,3.8333333333333335,0.2553191489361702,0.0302905097056385,3,Late-Paying Watchlist,4,3,Acceptable revenue but concerning payment delays,MONITOR,Payment delay and working capital issues,"Credit tightening, enhanced collection procedures"
CUST093,Austria,Pharma,SME,778709.71,0.0696,19,19,40984.72,2,28.2,1655.71,Chemicals,367750.81,428897.13,81,0,0.0021262223633989,Delayed,38935.485499999995,54198.19581599999,54198.19581599999,1.166271068169323,430552.84,6.75,0.2317073170731707,0.0302905097056385,0,High-Risk Low-Margin Customers,5,0,Limited profitability combined with elevated risk,RESTRICT,Low margin and payment inconsistency,"Pricing review, reduce exposure, or exit"
CUST094,Italy,Automotive,SME,826241.85,0.064,19,19,43486.41,4,15.8,20804.74,Software,581544.39,486099.72,30,1,0.025179963953623,Delayed,41312.0925,52879.4784,52879.4784,0.8358772405992329,506904.46,2.5,0.6129032258064516,0.0302905097056385,0,High-Risk Low-Margin Customers,5,0,Limited profitability combined with elevated risk,RESTRICT,Low margin and payment inconsistency,"Pricing review, reduce exposure, or exit"
CUST095,Germany,Pharma,Enterprise,761464.64,0.1819,18,18,42303.59,5,18.8,13108.05,Machinery,543378.96,264794.19,91,0,0.0172142596141861,Delayed,40077.08631578947,138510.418016,138510.418016,0.4873103478270721,277902.24,7.583333333333333,0.1956521739130435,0.0302905097056385,5,Growth Potential Customers,3,5,Above-average revenue with moderate risk profile,DEVELOP,Payment behavior volatility,"Expansion opportunities, credit line review"
CUST096,Spain,Retail,Mid-Market,479688.48,0.1308,13,13,36899.11,4,5.9,13844.14,Software,227790.48,205635.17,84,0,0.0288606889203825,On Time,34263.462857142855,62743.253183999994,62743.253183999994,0.90273820924868,219479.31,7.0,0.1529411764705882,0.0302905097056385,1,Growth Potential Customers,3,1,Above-average revenue with moderate risk profile,DEVELOP,Payment behavior volatility,"Expansion opportunities, credit line review"
CUST097,Austria,Logistics,SME,797932.13,0.1172,11,11,72539.28,1,0.0,7785.84,Components,665133.92,500411.77,16,0,0.0097575216077465,On Time,66494.34416666666,93517.645636,93517.645636,0.7523473919346162,508197.61,1.3333333333333333,0.6470588235294118,0.0302905097056385,2,Stable Low-Risk Customers,2,2,"Consistent revenue, predictable payment, low default risk",MAINTAIN,Limited growth potential,"Regular engagement, loyalty programs"
CUST098,Italy,Electronics,Enterprise,597748.84,0.1914,16,16,37359.3,1,17.1,8145.7,Software,532226.82,298467.82,58,0,0.0136272953703872,Delayed,35161.696470588235,114409.127976,114409.127976,0.560790641853485,306613.52,4.833333333333333,0.2711864406779661,0.0302905097056385,5,Growth Potential Customers,3,5,Above-average revenue with moderate risk profile,DEVELOP,Payment behavior volatility,"Expansion opportunities, credit line review"
CUST099,Netherlands,Logistics,Enterprise,941562.76,0.1124,12,12,78463.56,2,26.0,65242.36,Packaging,673404.77,404247.16,23,0,0.0692915679884479,Delayed,72427.90461538461,105831.654224,105831.654224,0.6003033806835073,469489.52,1.9166666666666667,0.5,0.0302905097056385,4,High-Risk Low-Margin Customers,5,4,Limited profitability combined with elevated risk,RESTRICT,Low margin and payment inconsistency,"Pricing review, reduce exposure, or exit"
CUST100,Spain,FMCG,SME,734598.17,0.0515,17,17,43211.66,2,25.7,27140.05,Software,548332.75,387279.8,47,0,0.0369454364417529,Delayed,40811.00944444445,37831.805755,37831.805755,0.7062861009109773,414419.85,3.9166666666666665,0.3541666666666667,0.0302905097056385,4,High-Risk Low-Margin Customers,5,4,Limited profitability combined with elevated risk,RESTRICT,Low margin and payment inconsistency,"Pricing review, reduce exposure, or exit"
CUST101,France,Retail,SME,1337101.45,0.1311,21,21,63671.5,5,8.0,80818.64,Packaging,756585.57,887026.34,25,0,0.0604431623344208,Moderate Delay,60777.33863636363,175294.000095,175294.000095,1.172407160764152,967844.98,2.0833333333333335,0.8076923076923077,0.0302905097056385,3,Late-Paying Watchlist,4,3,Acceptable revenue but concerning payment delays,MONITOR,Payment delay and working capital issues,"Credit tightening, enhanced collection procedures"
CUST102,Italy,Chemicals,SME,1280350.38,0.247,17,17,75314.73,5,12.2,3947.78,Components,968186.19,680293.7,58,1,0.0030833591036204,Moderate Delay,71130.57666666666,316246.54386,316246.54386,0.7026475971520492,684241.48,4.833333333333333,0.288135593220339,0.0302905097056385,5,Strategic High-Value Customers,1,5,"High revenue, excellent payment history, strategic importance",CRITICAL,Concentration risk,"Dedicated account management, cross-sell opportunities"
CUST103,France,Logistics,SME,286051.27,0.2078,16,16,17878.2,5,19.4,6186.53,Components,149394.49,182344.51,39,0,0.0216273467339556,Delayed,16826.545294117648,59441.45390600001,59441.45390600001,1.2205571303116969,188531.04,3.25,0.4,0.0302905097056385,1,Growth Potential Customers,3,1,Above-average revenue with moderate risk profile,DEVELOP,Payment behavior volatility,"Expansion opportunities, credit line review"
CUST104,Belgium,Retail,Enterprise,408826.59,0.1203,14,14,29201.9,5,0.0,26523.46,Chemicals,272602.95,217576.01,85,0,0.064877042366386,On Time,27255.106000000003,49181.838777,49181.838777,0.7981425366057185,244099.47,7.083333333333333,0.1627906976744186,0.0302905097056385,2,High-Risk Low-Margin Customers,5,2,Limited profitability combined with elevated risk,RESTRICT,Low margin and payment inconsistency,"Pricing review, reduce exposure, or exit"
CUST105,Netherlands,Logistics,Mid-Market,72161.6,0.1391,12,12,6013.47,2,15.6,1753.8,Packaging,60864.73,18905.27,82,0,0.0243037848381368,Delayed,5550.892307692308,10037.67856,10037.67856,0.3106112521930088,20659.07,6.833333333333333,0.144578313253012,0.0302905097056385,4,Growth Potential Customers,3,4,Above-average revenue with moderate risk profile,DEVELOP,Payment behavior volatility,"Expansion opportunities, credit line review"
CUST106,Netherlands,FMCG,SME,637057.52,0.1264,16,16,39816.1,1,20.7,26616.31,Machinery,348118.1,203738.53,9,0,0.0417800734852925,Delayed,37473.971764705886,80524.07052800001,80524.07052800001,0.5852569286096149,230354.84,0.75,1.6,0.0302905097056385,4,New / Limited-History Customers,6,4,Short relationship history with limited behavioral evidence,REVIEW,Limited performance history,"Controlled onboarding, smaller exposure increases"
CUST107,Italy,Electronics,Mid-Market,1095432.21,0.1762,11,11,99584.75,5,10.1,37597.52,Components,705441.21,293520.45,85,0,0.034322087352138,Moderate Delay,91286.0175,193015.15540199995,193015.15540199995,0.4160806681531745,331117.97000000003,7.083333333333333,0.127906976744186,0.0302905097056385,5,Growth Potential Customers,3,5,Above-average revenue with moderate risk profile,DEVELOP,Payment behavior volatility,"Expansion opportunities, credit line review"
CUST108,Austria,FMCG,Enterprise,941516.17,0.1161,23,23,40935.49,2,29.2,11731.87,Chemicals,650309.14,666473.34,11,0,0.0124606144576226,Delayed,39229.840416666666,109310.027337,109310.027337,1.024856178399976,678205.21,0.9166666666666666,1.9166666666666667,0.0302905097056385,0,New / Limited-History Customers,6,0,Short relationship history with limited behavioral evidence,REVIEW,Limited performance history,"Controlled onboarding, smaller exposure increases"
CUST109,Germany,Electronics,Mid-Market,1106567.2,0.056,15,15,73771.15,3,1.9,8346.71,Components,929833.34,668280.22,32,0,0.0075428857822574,On Time,69160.45,61967.7632,61967.7632,0.718709677585105,676626.9299999999,2.6666666666666665,0.4545454545454545,0.0302905097056385,2,Stable Low-Risk Customers,2,2,"Consistent revenue, predictable payment, low default risk",MAINTAIN,Limited growth potential,"Regular engagement, loyalty programs"
CUST110,Spain,FMCG,SME,400524.05,0.1585,22,22,18205.64,2,14.6,31138.46,Software,307272.94,196845.23,55,0,0.0777442952549847,Delayed,17414.089130434782,63483.061925,63483.061925,0.6406201274975902,227983.69,4.583333333333333,0.3928571428571428,0.0302905097056385,4,Late-Paying Watchlist,4,4,Acceptable revenue but concerning payment delays,MONITOR,Payment delay and working capital issues,"Credit tightening, enhanced collection procedures"
CUST111,Italy,Logistics,Mid-Market,876371.26,0.2349,17,17,51551.25,5,7.1,11043.91,Components,475535.61,646646.32,61,0,0.0126018623659422,Moderate Delay,48687.292222222226,205859.608974,205859.608974,1.3598273323813543,657690.23,5.083333333333333,0.2741935483870967,0.0302905097056385,1,Growth Potential Customers,3,1,Above-average revenue with moderate risk profile,DEVELOP,Payment behavior volatility,"Expansion opportunities, credit line review"
CUST112,Belgium,Pharma,Mid-Market,455250.56,0.231,8,8,56906.32,5,6.8,20707.33,Components,391789.52,236097.24,11,0,0.0454855673323158,On Time,50583.39555555556,105162.87936,105162.87936,0.602612443537023,256804.57,0.9166666666666666,0.6666666666666666,0.0302905097056385,1,New / Limited-History Customers,6,1,Short relationship history with limited behavioral evidence,REVIEW,Limited performance history,"Controlled onboarding, smaller exposure increases"
CUST113,Germany,Logistics,Mid-Market,1474324.92,0.0659,27,27,54604.63,1,32.1,51641.66,Machinery,1290863.08,647457.03,14,0,0.0350273262694121,High Delay,52654.46142857143,97158.012228,97158.012228,0.5015690974750773,699098.6900000001,1.1666666666666667,1.8,0.0302905097056385,0,High-Risk Low-Margin Customers,5,0,Limited profitability combined with elevated risk,RESTRICT,Low margin and payment inconsistency,"Pricing review, reduce exposure, or exit"
CUST114,Austria,Logistics,Mid-Market,1242332.16,0.1709,20,20,62116.61,5,17.9,16783.71,Chemicals,1082694.17,427302.37,26,0,0.0135098410396028,Delayed,59158.67428571428,212314.566144,212314.566144,0.3946658085353922,444086.08,2.1666666666666665,0.7407407407407407,0.0302905097056385,5,Growth Potential Customers,3,5,Above-average revenue with moderate risk profile,DEVELOP,Payment behavior volatility,"Expansion opportunities, credit line review"
CUST115,Germany,Logistics,Mid-Market,826634.34,0.1336,18,18,45924.13,5,0.0,15075.68,Components,609166.72,227668.93,12,0,0.0182374228488762,On Time,43507.07052631579,110438.347824,110438.347824,0.3737382928595086,242744.61,1.0,1.3846153846153846,0.0302905097056385,2,New / Limited-History Customers,6,2,Short relationship history with limited behavioral evidence,REVIEW,Limited performance history,"Controlled onboarding, smaller exposure increases"
CUST116,Netherlands,Retail,Enterprise,683898.35,0.1405,23,23,29734.71,4,25.2,34902.71,Packaging,571262.38,386766.89,77,0,0.0510349381599604,Delayed,28495.764583333337,96087.718175,96087.718175,0.6770389641259468,421669.6,6.416666666666667,0.2948717948717949,0.0302905097056385,4,Late-Paying Watchlist,4,4,Acceptable revenue but concerning payment delays,MONITOR,Payment delay and working capital issues,"Credit tightening, enhanced collection procedures"
CUST117,Italy,Pharma,Mid-Market,647108.91,0.1088,17,17,38065.23,2,0.4,23798.57,Packaging,353950.98,402891.25,52,0,0.036776761426393,On Time,35950.495,70405.449408,70405.449408,1.1382684969507977,426689.82,4.333333333333333,0.320754716981132,0.0302905097056385,1,Growth Potential Customers,3,1,Above-average revenue with moderate risk profile,DEVELOP,Payment behavior volatility,"Expansion opportunities, credit line review"
CUST118,Belgium,Chemicals,SME,217083.87,0.1486,15,15,14472.26,1,8.5,3432.83,Packaging,126147.06,111732.13,93,0,0.0158133812520671,Moderate Delay,13567.741875,32258.663082000003,32258.663082000003,0.8857291640337419,115164.96,7.75,0.1595744680851064,0.0302905097056385,1,Growth Potential Customers,3,1,Above-average revenue with moderate risk profile,DEVELOP,Payment behavior volatility,"Expansion opportunities, credit line review"
CUST119,Italy,Logistics,SME,623343.83,0.2127,18,18,34630.21,2,6.5,6346.95,Packaging,434849.56,375573.45,30,1,0.010182101265027,On Time,32807.57,132585.23264099998,132585.23264099998,0.8636859377278348,381920.4,2.5,0.5806451612903226,0.0302905097056385,1,Growth Potential Customers,3,1,Above-average revenue with moderate risk profile,DEVELOP,Payment behavior volatility,"Expansion opportunities, credit line review"
CUST120,Spain,Chemicals,SME,527976.06,0.2027,17,17,31057.42,2,23.9,7448.92,Software,348658.52,235493.17,27,0,0.014108442719895,Delayed,29332.003333333338,107020.747362,107020.747362,0.675426402886482,242942.09000000003,2.25,0.6071428571428571,0.0302905097056385,5,Late-Paying Watchlist,4,5,Acceptable revenue but concerning payment delays,MONITOR,Payment delay and working capital issues,"Credit tightening, enhanced collection procedures"
CUST121,Germany,Electronics,Mid-Market,887057.02,0.1641,17,17,52179.82,5,0.0,54156.99,Components,770410.36,442611.23,39,0,0.0610524338107813,On Time,49280.945555555554,145566.056982,145566.056982,0.574513600776897,496768.22,3.25,0.425,0.0302905097056385,3,Late-Paying Watchlist,4,3,Acceptable revenue but concerning payment delays,MONITOR,Payment delay and working capital issues,"Credit tightening, enhanced collection procedures"
CUST122,Austria,Chemicals,Enterprise,80090.71,0.146,17,17,4711.22,4,0.0,3167.2,Machinery,50722.5,42775.14,7,0,0.0395451607303825,On Time,4449.483888888889,11693.24366,11693.24366,0.8433168711943749,45942.34,0.5833333333333334,2.125,0.0302905097056385,1,New / Limited-History Customers,6,1,Short relationship history with limited behavioral evidence,REVIEW,Limited performance history,"Controlled onboarding, smaller exposure increases"
CUST123,France,Pharma,SME,581360.23,0.205,15,15,38757.35,4,24.3,43662.73,Machinery,351774.33,307249.4,30,0,0.0751044322380375,Delayed,36335.014375,119178.84715,119178.84715,0.8734275749999341,350912.13,2.5,0.4838709677419355,0.0302905097056385,4,Late-Paying Watchlist,4,4,Acceptable revenue but concerning payment delays,MONITOR,Payment delay and working capital issues,"Credit tightening, enhanced collection procedures"
CUST124,Belgium,Automotive,SME,647184.09,0.1251,17,17,38069.65,1,5.4,9084.51,Packaging,527710.47,247454.63,68,0,0.014036979802742,On Time,35954.67166666666,80962.72965899999,80962.72965899999,0.4689212059778369,256539.14,5.666666666666667,0.2463768115942029,0.0302905097056385,2,Stable Low-Risk Customers,2,2,"Consistent revenue, predictable payment, low default risk",MAINTAIN,Limited growth potential,"Regular engagement, loyalty programs"
CUST125,Belgium,Pharma,Enterprise,528887.02,0.1036,15,15,35259.13,5,12.2,32824.47,Machinery,421698.65,232265.5,45,0,0.0620632928369804,Moderate Delay,33055.43875,54792.695272,54792.695272,0.5507854957549644,265089.97,3.75,0.3260869565217391,0.0302905097056385,4,High-Risk Low-Margin Customers,5,4,Limited profitability combined with elevated risk,RESTRICT,Low margin and payment inconsistency,"Pricing review, reduce exposure, or exit"
CUST126,France,Pharma,SME,1138058.66,0.0271,7,7,162579.81,5,17.0,8106.8,Machinery,714536.49,709622.71,53,0,0.0071233586500654,Delayed,142257.3325,30841.389685999995,30841.389685999995,0.9931231223740676,717729.51,4.416666666666667,0.1296296296296296,0.0302905097056385,0,Growth Potential Customers,3,0,Above-average revenue with moderate risk profile,DEVELOP,Payment behavior volatility,"Expansion opportunities, credit line review"
CUST127,Spain,Chemicals,SME,722452.2,0.0768,23,23,31410.97,4,15.4,23802.98,Packaging,456235.42,514150.08,68,0,0.0329474808159862,Delayed,30102.175,55484.32895999999,55484.32895999999,1.126940297618438,537953.06,5.666666666666667,0.3333333333333333,0.0302905097056385,0,Growth Potential Customers,3,0,Above-average revenue with moderate risk profile,DEVELOP,Payment behavior volatility,"Expansion opportunities, credit line review"
CUST128,Austria,Pharma,SME,1167153.15,0.2359,14,14,83368.08,3,16.6,74329.96,Software,1001910.18,760237.23,48,0,0.0636848386177395,Delayed,77810.20999999999,275331.42808499996,275331.42808499996,0.7587878087028133,834567.19,4.0,0.2857142857142857,0.0302905097056385,3,Late-Paying Watchlist,4,3,Acceptable revenue but concerning payment delays,MONITOR,Payment delay and working capital issues,"Credit tightening, enhanced collection procedures"
CUST129,France,Pharma,Mid-Market,872007.64,0.1193,17,17,51294.57,3,14.9,2449.77,Components,455949.87,496717.5,83,0,0.0028093446520688,Delayed,48444.86888888889,104030.511452,104030.511452,1.0894125268615835,499167.27,6.916666666666667,0.2023809523809523,0.0302905097056385,0,Growth Potential Customers,3,0,Above-average revenue with moderate risk profile,DEVELOP,Payment behavior volatility,"Expansion opportunities, credit line review"
CUST130,France,Electronics,SME,1166974.64,0.02,14,14,83355.33,5,1.0,57780.78,Packaging,924226.52,366601.15,84,0,0.04951331247434,On Time,77798.30933333332,23339.4928,23339.4928,0.3966572502156759,424381.93000000005,7.0,0.1647058823529411,0.0302905097056385,2,High-Risk Low-Margin Customers,5,2,Limited profitability combined with elevated risk,RESTRICT,Low margin and payment inconsistency,"Pricing review, reduce exposure, or exit"
CUST131,Netherlands,Retail,Enterprise,1122669.34,0.1605,18,18,62370.52,1,0.0,10583.98,Software,625610.11,562948.47,80,0,0.0094275131803194,On Time,59087.86000000001,180188.42907,180188.42907,0.8998391506158686,573532.45,6.666666666666667,0.2222222222222222,0.0302905097056385,1,Strategic High-Value Customers,1,1,"High revenue, excellent payment history, strategic importance",CRITICAL,Concentration risk,"Dedicated account management, cross-sell opportunities"
CUST132,Belgium,Electronics,SME,655641.2,0.1296,15,15,43709.41,2,9.9,9888.66,Components,529662.71,478823.39,67,0,0.015082426180638,Moderate Delay,40977.575,84971.09951999999,84971.09951999999,0.9040156706502824,488712.05,5.583333333333333,0.2205882352941176,0.0302905097056385,1,Growth Potential Customers,3,1,Above-average revenue with moderate risk profile,DEVELOP,Payment behavior volatility,"Expansion opportunities, credit line review"
CUST133,Belgium,FMCG,SME,541962.04,0.1538,11,11,49269.28,4,14.5,34156.31,Packaging,337237.2,401046.1,85,0,0.0630234361062205,Delayed,45163.503333333334,83353.761752,83353.761752,1.1892107394997071,435202.41,7.083333333333333,0.127906976744186,0.0302905097056385,1,Late-Paying Watchlist,4,1,Acceptable revenue but concerning payment delays,MONITOR,Payment delay and working capital issues,"Credit tightening, enhanced collection procedures"
CUST134,Netherlands,FMCG,Enterprise,397785.75,0.2193,20,20,19889.29,5,0.0,22655.26,Components,279876.27,198018.76,8,1,0.0569534227908944,On Time,18942.178571428572,87234.41497499999,87234.41497499999,0.7075225062821241,220674.02,0.6666666666666666,2.2222222222222223,0.0302905097056385,1,New / Limited-History Customers,6,1,Short relationship history with limited behavioral evidence,REVIEW,Limited performance history,"Controlled onboarding, smaller exposure increases"
CUST135,Netherlands,Logistics,Mid-Market,919425.32,0.1515,27,27,34052.79,2,10.6,63742.57,Packaging,722420.6,637026.21,74,0,0.0693287085023182,Moderate Delay,32836.61857142857,139292.93597999998,139292.93597999998,0.881794082282701,700768.7799999999,6.166666666666667,0.36,0.0302905097056385,3,Late-Paying Watchlist,4,3,Acceptable revenue but concerning payment delays,MONITOR,Payment delay and working capital issues,"Credit tightening, enhanced collection procedures"
CUST136,Germany,Electronics,Enterprise,1514889.83,0.0557,21,21,72137.61,2,14.1,57703.22,Components,988146.75,863819.88,73,0,0.03809070392925,Delayed,68858.62863636365,84379.36353100001,84379.36353100001,0.8741817751251277,921523.1,6.083333333333333,0.2837837837837837,0.0302905097056385,0,Growth Potential Customers,3,0,Above-average revenue with moderate risk profile,DEVELOP,Payment behavior volatility,"Expansion opportunities, credit line review"
CUST137,Germany,Automotive,Mid-Market,212793.81,0.1985,16,16,13299.61,2,21.4,2044.7,Components,102585.14,158512.56,25,1,0.0096088321365663,Delayed,12517.28294117647,42239.571285,42239.571285,1.5451805202825168,160557.26,2.0833333333333335,0.6153846153846154,0.0302905097056385,1,Late-Paying Watchlist,4,1,Acceptable revenue but concerning payment delays,MONITOR,Payment delay and working capital issues,"Credit tightening, enhanced collection procedures"
CUST138,Belgium,Pharma,Mid-Market,701803.75,0.1644,20,20,35090.19,5,7.4,19429.51,Machinery,463501.8,235003.94,70,0,0.0276851042759066,Moderate Delay,33419.22619047619,115376.5365,115376.5365,0.5070183977699612,254433.45,5.833333333333333,0.2816901408450704,0.0302905097056385,5,Growth Potential Customers,3,5,Above-average revenue with moderate risk profile,DEVELOP,Payment behavior volatility,"Expansion opportunities, credit line review"
CUST139,Austria,Electronics,SME,1263670.23,0.1904,16,16,78979.39,4,6.8,77339.09,Software,743606.06,452787.17,83,0,0.0612019561463743,On Time,74333.54294117646,240602.811792,240602.811792,0.60890731578948,530126.26,6.916666666666667,0.1904761904761904,0.0302905097056385,3,Late-Paying Watchlist,4,3,Acceptable revenue but concerning payment delays,MONITOR,Payment delay and working capital issues,"Credit tightening, enhanced collection procedures"
CUST140,Austria,Automotive,Enterprise,691621.15,0.226,19,19,36401.11,3,2.7,7473.92,Chemicals,527079.78,406241.1,61,0,0.0108063786076946,On Time,34581.0575,156306.3799,156306.3799,0.7707392987058415,413715.02,5.083333333333333,0.3064516129032258,0.0302905097056385,1,Stable Low-Risk Customers,2,1,"Consistent revenue, predictable payment, low default risk",MAINTAIN,Limited growth potential,"Regular engagement, loyalty programs"
CUST141,Belgium,Electronics,Enterprise,809600.37,0.087,14,14,57828.6,5,7.9,49251.01,Chemicals,536481.84,404474.01,73,0,0.0608337296090158,Moderate Delay,53973.358,70435.23219,70435.23219,0.753937933852982,453725.02,6.083333333333333,0.1891891891891892,0.0302905097056385,2,High-Risk Low-Margin Customers,5,2,Limited profitability combined with elevated risk,RESTRICT,Low margin and payment inconsistency,"Pricing review, reduce exposure, or exit"
CUST142,Netherlands,Logistics,Mid-Market,908986.73,0.0927,21,21,43285.08,3,0.0,67023.95,Machinery,610909.95,440095.26,52,0,0.073734794786197,On Time,41317.57863636363,84263.069871,84263.069871,0.7203930137318596,507119.21,4.333333333333333,0.3962264150943396,0.0302905097056385,2,High-Risk Low-Margin Customers,5,2,Limited profitability combined with elevated risk,RESTRICT,Low margin and payment inconsistency,"Pricing review, reduce exposure, or exit"
CUST143,Spain,Logistics,SME,1134344.26,0.0605,13,13,87257.25,1,9.3,37411.45,Packaging,898218.45,414420.84,35,0,0.032980684364698,Moderate Delay,81024.59,68627.82773,68627.82773,0.4613809034979616,451832.29,2.9166666666666665,0.3611111111111111,0.0302905097056385,2,Growth Potential Customers,3,2,Above-average revenue with moderate risk profile,DEVELOP,Payment behavior volatility,"Expansion opportunities, credit line review"
CUST144,Italy,Retail,Enterprise,1119005.61,0.0428,14,14,79928.97,2,13.5,52140.71,Components,1003843.3,833814.77,28,0,0.0465955751552964,Moderate Delay,74600.37400000001,47893.440108,47893.440108,0.8306224387802054,885955.48,2.3333333333333335,0.4827586206896552,0.0302905097056385,0,High-Risk Low-Margin Customers,5,0,Limited profitability combined with elevated risk,RESTRICT,Low margin and payment inconsistency,"Pricing review, reduce exposure, or exit"
CUST145,Spain,Pharma,SME,1065386.14,0.2333,18,18,59188.12,2,19.7,84005.36,Software,951678.56,749023.35,33,0,0.07884968355222,Delayed,56072.9547368421,248554.586462,248554.586462,0.787054979991577,833028.71,2.75,0.5294117647058824,0.0302905097056385,3,Late-Paying Watchlist,4,3,Acceptable revenue but concerning payment delays,MONITOR,Payment delay and working capital issues,"Credit tightening, enhanced collection procedures"
CUST146,Netherlands,Chemicals,Enterprise,966092.56,0.1947,18,18,53671.81,3,25.3,25779.21,Chemicals,578500.72,302979.17,43,0,0.0266839959930685,Delayed,50846.976842105265,188098.221432,188098.221432,0.5237317077141689,328758.38,3.5833333333333335,0.4090909090909091,0.0302905097056385,5,Late-Paying Watchlist,4,5,Acceptable revenue but concerning payment delays,MONITOR,Payment delay and working capital issues,"Credit tightening, enhanced collection procedures"
CUST147,Spain,Retail,Enterprise,279436.02,0.162,19,19,14707.16,5,6.2,14661.96,Machinery,160330.32,78933.24,34,1,0.0524698283347563,On Time,13971.801,45268.63524,45268.63524,0.4923163628657866,93595.2,2.8333333333333335,0.5428571428571428,0.0302905097056385,4,Late-Paying Watchlist,4,4,Acceptable revenue but concerning payment delays,MONITOR,Payment delay and working capital issues,"Credit tightening, enhanced collection procedures"
CUST148,Austria,Electronics,Mid-Market,1142248.15,0.1836,19,19,60118.32,4,24.7,73355.38,Chemicals,973051.07,291853.92,46,0,0.0642201784261465,Delayed,57112.407499999994,209716.76034,209716.76034,0.2999368984812894,365209.3,3.8333333333333335,0.4042553191489361,0.0302905097056385,5,Late-Paying Watchlist,4,5,Acceptable revenue but concerning payment delays,MONITOR,Payment delay and working capital issues,"Credit tightening, enhanced collection procedures"
CUST149,Belgium,Pharma,Enterprise,915959.56,0.2123,20,20,45797.98,1,2.4,36203.38,Machinery,535948.42,447552.91,60,0,0.0395250855834295,On Time,43617.12190476191,194458.214588,194458.214588,0.8350671320183477,483756.29,5.0,0.3278688524590163,0.0302905097056385,3,Growth Potential Customers,3,3,Above-average revenue with moderate risk profile,DEVELOP,Payment behavior volatility,"Expansion opportunities, credit line review"
CUST150,Austria,Pharma,SME,1248189.78,0.1326,20,20,62409.49,4,0.0,71067.51,Machinery,619425.37,608506.52,76,0,0.0569364620177735,On Time,59437.60857142857,165509.964828,165509.964828,0.9823726141520772,679574.03,6.333333333333333,0.2597402597402597,0.0302905097056385,3,Late-Paying Watchlist,4,3,Acceptable revenue but concerning payment delays,MONITOR,Payment delay and working capital issues,"Credit tightening, enhanced collection procedures"
